DROP TABLE IF EXISTS `accesses`;
CREATE TABLE accesses (id BIGINT UNSIGNED AUTO_INCREMENT NOT NULL, roles JSON NOT NULL, accessible_type VARCHAR(255) CHARACTER SET utf8mb4 DEFAULT NULL COLLATE `utf8mb4_unicode_ci`, accessible_id BIGINT UNSIGNED DEFAULT NULL, created_at DATETIME DEFAULT NULL, updated_at DATETIME DEFAULT NULL, INDEX accesses_accessible_type_accessible_id_index (accessible_type, accessible_id), PRIMARY KEY(id)) DEFAULT CHARACTER SET utf8mb4 COLLATE `utf8mb4_unicode_ci` ENGINE = InnoDB COMMENT = '' ;
LOCK TABLES `accesses` WRITE;
ALTER TABLE `accesses` DISABLE KEYS;
ALTER TABLE `accesses` ENABLE KEYS;
UNLOCK TABLES;
DROP TABLE IF EXISTS `action_events`;
CREATE TABLE action_events (id BIGINT UNSIGNED AUTO_INCREMENT NOT NULL, batch_id CHAR(36) CHARACTER SET utf8mb4 NOT NULL COLLATE `utf8mb4_unicode_ci`, user_id BIGINT UNSIGNED NOT NULL, name VARCHAR(255) CHARACTER SET utf8mb4 NOT NULL COLLATE `utf8mb4_unicode_ci`, actionable_type VARCHAR(255) CHARACTER SET utf8mb4 NOT NULL COLLATE `utf8mb4_unicode_ci`, actionable_id BIGINT UNSIGNED NOT NULL, target_type VARCHAR(255) CHARACTER SET utf8mb4 NOT NULL COLLATE `utf8mb4_unicode_ci`, target_id BIGINT UNSIGNED NOT NULL, model_type VARCHAR(255) CHARACTER SET utf8mb4 NOT NULL COLLATE `utf8mb4_unicode_ci`, model_id BIGINT UNSIGNED DEFAULT NULL, fields TEXT CHARACTER SET utf8mb4 NOT NULL COLLATE `utf8mb4_unicode_ci`, status VARCHAR(25) CHARACTER SET utf8mb4 DEFAULT 'running' NOT NULL COLLATE `utf8mb4_unicode_ci`, exception TEXT CHARACTER SET utf8mb4 NOT NULL COLLATE `utf8mb4_unicode_ci`, created_at DATETIME DEFAULT NULL, updated_at DATETIME DEFAULT NULL, original MEDIUMTEXT CHARACTER SET utf8mb4 DEFAULT NULL COLLATE `utf8mb4_unicode_ci`, changes MEDIUMTEXT CHARACTER SET utf8mb4 DEFAULT NULL COLLATE `utf8mb4_unicode_ci`, INDEX action_events_user_id_index (user_id), INDEX action_events_batch_id_model_type_model_id_index (batch_id, model_type, model_id), INDEX action_events_actionable_type_actionable_id_index (actionable_type, actionable_id), PRIMARY KEY(id)) DEFAULT CHARACTER SET utf8mb4 COLLATE `utf8mb4_unicode_ci` ENGINE = InnoDB COMMENT = '' ;
LOCK TABLES `action_events` WRITE;
ALTER TABLE `action_events` DISABLE KEYS;
INSERT INTO `action_events` (`id`, `batch_id`, `user_id`, `name`, `actionable_type`, `actionable_id`, `target_type`, `target_id`, `model_type`, `model_id`, `fields`, `status`, `exception`, `created_at`, `updated_at`, `original`, `changes`) VALUES ('1', '9926a7f7-1512-443d-8742-f0f8718605ce', '1', 'Create', 'Silvanite\\Brandenburg\\Role', '1', 'Silvanite\\Brandenburg\\Role', '1', 'Silvanite\\Brandenburg\\Role', '1', "", 'finished', "", '2023-05-12 17:37:38', '2023-05-12 17:37:38', NULL, '{\"name\":\"Main Sales Tracker\",\"slug\":\"main-sales-tracker\",\"updated_at\":\"2023-05-12T17:37:37.000000Z\",\"created_at\":\"2023-05-12T17:37:37.000000Z\",\"id\":1,\"permissions\":[\"assignRoles\",\"canBeGivenAccess\",\"manageRoles\",\"manageUsers\",\"viewNova\",\"viewRoles\",\"viewUsers\"]}');
INSERT INTO `action_events` (`id`, `batch_id`, `user_id`, `name`, `actionable_type`, `actionable_id`, `target_type`, `target_id`, `model_type`, `model_id`, `fields`, `status`, `exception`, `created_at`, `updated_at`, `original`, `changes`) VALUES ('2', '9926ac92-dc21-4a41-88ae-24de7ddec42b', '1', 'Attach', 'App\\Models\\User', '1', 'Silvanite\\Brandenburg\\Role', '1', 'Illuminate\\Database\\Eloquent\\Relations\\Pivot', NULL, "", 'finished', "", '2023-05-12 17:50:31', '2023-05-12 17:50:31', NULL, '{\"user_id\":\"1\",\"role_id\":\"1\",\"created_at\":{\"date\":\"2023-05-12 17:50:30.779486\",\"timezone_type\":3,\"timezone\":\"UTC\"},\"updated_at\":{\"date\":\"2023-05-12 17:50:30.779509\",\"timezone_type\":3,\"timezone\":\"UTC\"}}');
INSERT INTO `action_events` (`id`, `batch_id`, `user_id`, `name`, `actionable_type`, `actionable_id`, `target_type`, `target_id`, `model_type`, `model_id`, `fields`, `status`, `exception`, `created_at`, `updated_at`, `original`, `changes`) VALUES ('3', '9926b1cf-190a-4406-b520-c546684c0705', '1', 'Update', 'Silvanite\\Brandenburg\\Role', '1', 'Silvanite\\Brandenburg\\Role', '1', 'Silvanite\\Brandenburg\\Role', '1', "", 'finished', "", '2023-05-12 18:05:09', '2023-05-12 18:05:09', '[]', '[]');
INSERT INTO `action_events` (`id`, `batch_id`, `user_id`, `name`, `actionable_type`, `actionable_id`, `target_type`, `target_id`, `model_type`, `model_id`, `fields`, `status`, `exception`, `created_at`, `updated_at`, `original`, `changes`) VALUES ('4', '9926b7bc-27cc-4181-a7b7-be056123ad69', '1', 'Create', 'App\\Models\\User', '2', 'App\\Models\\User', '2', 'App\\Models\\User', '2', "", 'finished', "", '2023-05-12 18:21:43', '2023-05-12 18:21:43', NULL, '{\"name\":\"Test Roles\",\"email\":\"benedictborla@gmail.com\",\"updated_at\":\"2023-05-12T18:21:43.000000Z\",\"created_at\":\"2023-05-12T18:21:43.000000Z\",\"id\":2}');
INSERT INTO `action_events` (`id`, `batch_id`, `user_id`, `name`, `actionable_type`, `actionable_id`, `target_type`, `target_id`, `model_type`, `model_id`, `fields`, `status`, `exception`, `created_at`, `updated_at`, `original`, `changes`) VALUES ('5', '9926b7e2-75ca-4754-9fca-153dfb95ef0d', '1', 'Create', 'Silvanite\\Brandenburg\\Role', '2', 'Silvanite\\Brandenburg\\Role', '2', 'Silvanite\\Brandenburg\\Role', '2', "", 'finished', "", '2023-05-12 18:22:08', '2023-05-12 18:22:08', NULL, '{\"name\":\"No Access To Main Sales Tracker\",\"slug\":\"no-access-to-main-sales-tracker\",\"updated_at\":\"2023-05-12T18:22:08.000000Z\",\"created_at\":\"2023-05-12T18:22:08.000000Z\",\"id\":2,\"permissions\":[\"assignRoles\",\"canBeGivenAccess\",\"manageRoles\",\"manageUsers\",\"viewNova\",\"viewRoles\",\"viewUsers\"]}');
INSERT INTO `action_events` (`id`, `batch_id`, `user_id`, `name`, `actionable_type`, `actionable_id`, `target_type`, `target_id`, `model_type`, `model_id`, `fields`, `status`, `exception`, `created_at`, `updated_at`, `original`, `changes`) VALUES ('6', '9926b815-f466-4c47-8023-ae1739674b86', '1', 'Attach', 'App\\Models\\User', '2', 'Silvanite\\Brandenburg\\Role', '2', 'Illuminate\\Database\\Eloquent\\Relations\\Pivot', NULL, "", 'finished', "", '2023-05-12 18:22:42', '2023-05-12 18:22:42', NULL, '{\"user_id\":\"2\",\"role_id\":\"2\",\"created_at\":{\"date\":\"2023-05-12 18:22:42.453989\",\"timezone_type\":3,\"timezone\":\"UTC\"},\"updated_at\":{\"date\":\"2023-05-12 18:22:42.454006\",\"timezone_type\":3,\"timezone\":\"UTC\"}}');
INSERT INTO `action_events` (`id`, `batch_id`, `user_id`, `name`, `actionable_type`, `actionable_id`, `target_type`, `target_id`, `model_type`, `model_id`, `fields`, `status`, `exception`, `created_at`, `updated_at`, `original`, `changes`) VALUES ('7', '99338208-e825-4f4a-89ad-f6e29edfd082', '1', 'Create', 'App\\Models\\Role', '3', 'App\\Models\\Role', '3', 'App\\Models\\Role', '3', "", 'finished', "", '2023-05-19 02:57:20', '2023-05-19 02:57:20', NULL, '{\"name\":\"test-ony\",\"slug\":\"test-ony\",\"updated_at\":\"2023-05-19T02:57:19.000000Z\",\"created_at\":\"2023-05-19T02:57:19.000000Z\",\"id\":3,\"permissions\":[\"canBeGivenAccess\",\"mainSalesTracker\",\"viewNova\",\"viewRoles\",\"viewUsers\"]}');
INSERT INTO `action_events` (`id`, `batch_id`, `user_id`, `name`, `actionable_type`, `actionable_id`, `target_type`, `target_id`, `model_type`, `model_id`, `fields`, `status`, `exception`, `created_at`, `updated_at`, `original`, `changes`) VALUES ('8', '9933824f-4f5c-4387-afd0-8bf048532625', '1', 'Create', 'App\\Models\\Role', '4', 'App\\Models\\Role', '4', 'App\\Models\\Role', '4', "", 'finished', "", '2023-05-19 02:58:06', '2023-05-19 02:58:06', NULL, '{\"name\":\"test only 2\",\"slug\":\"test-only-2\",\"updated_at\":\"2023-05-19T02:58:05.000000Z\",\"created_at\":\"2023-05-19T02:58:05.000000Z\",\"id\":4,\"permissions\":[\"manageRoles\",\"manageUsers\",\"viewRoles\"]}');
INSERT INTO `action_events` (`id`, `batch_id`, `user_id`, `name`, `actionable_type`, `actionable_id`, `target_type`, `target_id`, `model_type`, `model_id`, `fields`, `status`, `exception`, `created_at`, `updated_at`, `original`, `changes`) VALUES ('9', '993382d3-7e38-44ef-9de1-4e0e0ac2c3e0', '1', 'Create', 'App\\Models\\Role', '5', 'App\\Models\\Role', '5', 'App\\Models\\Role', '5', "", 'finished', "", '2023-05-19 02:59:32', '2023-05-19 02:59:32', NULL, '{\"name\":\"asdfasdfasdf\",\"slug\":\"asdfasdfasdf\",\"store_id\":2,\"updated_at\":\"2023-05-19T02:59:32.000000Z\",\"created_at\":\"2023-05-19T02:59:32.000000Z\",\"id\":5,\"permissions\":[\"assignRoles\",\"mainSalesTracker\",\"viewNova\"]}');
INSERT INTO `action_events` (`id`, `batch_id`, `user_id`, `name`, `actionable_type`, `actionable_id`, `target_type`, `target_id`, `model_type`, `model_id`, `fields`, `status`, `exception`, `created_at`, `updated_at`, `original`, `changes`) VALUES ('10', '99338915-e9d1-474a-b407-84b52e6fd91e', '1', 'Create', 'App\\Models\\Role', '6', 'App\\Models\\Role', '6', 'App\\Models\\Role', '6', "", 'finished', "", '2023-05-19 03:17:03', '2023-05-19 03:17:03', NULL, '{\"name\":\"main tracker\",\"slug\":\"main-tracker\",\"updated_at\":\"2023-05-19T03:17:02.000000Z\",\"created_at\":\"2023-05-19T03:17:02.000000Z\",\"id\":6,\"permissions\":[\"mainSalesTracker\"]}');
ALTER TABLE `action_events` ENABLE KEYS;
UNLOCK TABLES;
DROP TABLE IF EXISTS `failed_jobs`;
CREATE TABLE failed_jobs (id BIGINT UNSIGNED AUTO_INCREMENT NOT NULL, uuid VARCHAR(255) CHARACTER SET utf8mb4 NOT NULL COLLATE `utf8mb4_unicode_ci`, connection TEXT CHARACTER SET utf8mb4 NOT NULL COLLATE `utf8mb4_unicode_ci`, queue TEXT CHARACTER SET utf8mb4 NOT NULL COLLATE `utf8mb4_unicode_ci`, payload LONGTEXT CHARACTER SET utf8mb4 NOT NULL COLLATE `utf8mb4_unicode_ci`, exception LONGTEXT CHARACTER SET utf8mb4 NOT NULL COLLATE `utf8mb4_unicode_ci`, failed_at DATETIME DEFAULT CURRENT_TIMESTAMP NOT NULL, UNIQUE INDEX failed_jobs_uuid_unique (uuid), PRIMARY KEY(id)) DEFAULT CHARACTER SET utf8mb4 COLLATE `utf8mb4_unicode_ci` ENGINE = InnoDB COMMENT = '' ;
DROP TABLE IF EXISTS `migrations`;
CREATE TABLE migrations (id INT UNSIGNED AUTO_INCREMENT NOT NULL, migration VARCHAR(255) CHARACTER SET utf8mb4 NOT NULL COLLATE `utf8mb4_unicode_ci`, batch INT NOT NULL, PRIMARY KEY(id)) DEFAULT CHARACTER SET utf8mb4 COLLATE `utf8mb4_unicode_ci` ENGINE = InnoDB COMMENT = '' ;
LOCK TABLES `migrations` WRITE;
ALTER TABLE `migrations` DISABLE KEYS;
INSERT INTO `migrations` (`id`, `migration`, `batch`) VALUES ('1', '2014_10_12_000000_create_users_table', '1');
INSERT INTO `migrations` (`id`, `migration`, `batch`) VALUES ('2', '2014_10_12_100000_create_password_resets_table', '1');
INSERT INTO `migrations` (`id`, `migration`, `batch`) VALUES ('3', '2019_08_19_000000_create_failed_jobs_table', '1');
INSERT INTO `migrations` (`id`, `migration`, `batch`) VALUES ('4', '2019_12_14_000001_create_personal_access_tokens_table', '1');
INSERT INTO `migrations` (`id`, `migration`, `batch`) VALUES ('5', '2018_01_01_000000_create_action_events_table', '2');
INSERT INTO `migrations` (`id`, `migration`, `batch`) VALUES ('6', '2019_05_10_000000_add_fields_to_action_events_table', '2');
INSERT INTO `migrations` (`id`, `migration`, `batch`) VALUES ('7', '2023_05_11_084256_create_stores_table', '3');
INSERT INTO `migrations` (`id`, `migration`, `batch`) VALUES ('8', '2023_05_11_100728_create_user_stores_table', '4');
INSERT INTO `migrations` (`id`, `migration`, `batch`) VALUES ('9', '2023_05_11_130048_add_domain_in_stores', '5');
INSERT INTO `migrations` (`id`, `migration`, `batch`) VALUES ('11', '2017_05_28_115649_create_gates_table', '6');
INSERT INTO `migrations` (`id`, `migration`, `batch`) VALUES ('13', '2019_10_09_143453_create_accesses_table', '7');
INSERT INTO `migrations` (`id`, `migration`, `batch`) VALUES ('14', '2023_05_17_081523_add_store_id_on_roles', '8');
INSERT INTO `migrations` (`id`, `migration`, `batch`) VALUES ('17', '2023_05_25_080925_create_user_information_table', '9');
ALTER TABLE `migrations` ENABLE KEYS;
UNLOCK TABLES;
DROP TABLE IF EXISTS `password_resets`;
CREATE TABLE password_resets (email VARCHAR(255) CHARACTER SET utf8mb4 NOT NULL COLLATE `utf8mb4_unicode_ci`, token VARCHAR(255) CHARACTER SET utf8mb4 NOT NULL COLLATE `utf8mb4_unicode_ci`, created_at DATETIME DEFAULT NULL, INDEX password_resets_email_index (email)) DEFAULT CHARACTER SET utf8mb4 COLLATE `utf8mb4_unicode_ci` ENGINE = InnoDB COMMENT = '' ;
DROP TABLE IF EXISTS `personal_access_tokens`;
CREATE TABLE personal_access_tokens (id BIGINT UNSIGNED AUTO_INCREMENT NOT NULL, tokenable_type VARCHAR(255) CHARACTER SET utf8mb4 NOT NULL COLLATE `utf8mb4_unicode_ci`, tokenable_id BIGINT UNSIGNED NOT NULL, name VARCHAR(255) CHARACTER SET utf8mb4 NOT NULL COLLATE `utf8mb4_unicode_ci`, token VARCHAR(64) CHARACTER SET utf8mb4 NOT NULL COLLATE `utf8mb4_unicode_ci`, abilities TEXT CHARACTER SET utf8mb4 DEFAULT NULL COLLATE `utf8mb4_unicode_ci`, last_used_at DATETIME DEFAULT NULL, created_at DATETIME DEFAULT NULL, updated_at DATETIME DEFAULT NULL, INDEX personal_access_tokens_tokenable_type_tokenable_id_index (tokenable_type, tokenable_id), UNIQUE INDEX personal_access_tokens_token_unique (token), PRIMARY KEY(id)) DEFAULT CHARACTER SET utf8mb4 COLLATE `utf8mb4_unicode_ci` ENGINE = InnoDB COMMENT = '' ;
LOCK TABLES `personal_access_tokens` WRITE;
ALTER TABLE `personal_access_tokens` DISABLE KEYS;
ALTER TABLE `personal_access_tokens` ENABLE KEYS;
UNLOCK TABLES;
DROP TABLE IF EXISTS `role_permission`;
CREATE TABLE role_permission (role_id INT UNSIGNED NOT NULL, permission_slug VARCHAR(255) CHARACTER SET utf8mb4 NOT NULL COLLATE `utf8mb4_unicode_ci`, created_at DATETIME DEFAULT NULL, updated_at DATETIME DEFAULT NULL, INDEX IDX_6F7DF886D60322AC (role_id), PRIMARY KEY(role_id, permission_slug)) DEFAULT CHARACTER SET utf8mb4 COLLATE `utf8mb4_unicode_ci` ENGINE = InnoDB COMMENT = '' ;ALTER TABLE role_permission ADD CONSTRAINT role_permission_role_id_foreign FOREIGN KEY (role_id) REFERENCES roles (id) ON UPDATE NO ACTION ON DELETE CASCADE;
LOCK TABLES `role_permission` WRITE;
ALTER TABLE `role_permission` DISABLE KEYS;
INSERT INTO `role_permission` (`role_id`, `permission_slug`, `created_at`, `updated_at`) VALUES ('1', 'assignRoles', '2023-05-12 18:05:09', '2023-05-12 18:05:09');
INSERT INTO `role_permission` (`role_id`, `permission_slug`, `created_at`, `updated_at`) VALUES ('1', 'canBeGivenAccess', '2023-05-12 18:05:09', '2023-05-12 18:05:09');
INSERT INTO `role_permission` (`role_id`, `permission_slug`, `created_at`, `updated_at`) VALUES ('1', 'mainSalesTracker', '2023-05-12 18:05:09', '2023-05-12 18:05:09');
INSERT INTO `role_permission` (`role_id`, `permission_slug`, `created_at`, `updated_at`) VALUES ('1', 'manageRoles', '2023-05-12 18:05:09', '2023-05-12 18:05:09');
INSERT INTO `role_permission` (`role_id`, `permission_slug`, `created_at`, `updated_at`) VALUES ('1', 'manageUsers', '2023-05-12 18:05:09', '2023-05-12 18:05:09');
INSERT INTO `role_permission` (`role_id`, `permission_slug`, `created_at`, `updated_at`) VALUES ('1', 'viewNova', '2023-05-12 18:05:09', '2023-05-12 18:05:09');
INSERT INTO `role_permission` (`role_id`, `permission_slug`, `created_at`, `updated_at`) VALUES ('1', 'viewRoles', '2023-05-12 18:05:09', '2023-05-12 18:05:09');
INSERT INTO `role_permission` (`role_id`, `permission_slug`, `created_at`, `updated_at`) VALUES ('1', 'viewUsers', '2023-05-12 18:05:09', '2023-05-12 18:05:09');
INSERT INTO `role_permission` (`role_id`, `permission_slug`, `created_at`, `updated_at`) VALUES ('2', 'assignRoles', '2023-05-12 18:22:08', '2023-05-12 18:22:08');
INSERT INTO `role_permission` (`role_id`, `permission_slug`, `created_at`, `updated_at`) VALUES ('2', 'canBeGivenAccess', '2023-05-12 18:22:08', '2023-05-12 18:22:08');
INSERT INTO `role_permission` (`role_id`, `permission_slug`, `created_at`, `updated_at`) VALUES ('2', 'manageRoles', '2023-05-12 18:22:08', '2023-05-12 18:22:08');
INSERT INTO `role_permission` (`role_id`, `permission_slug`, `created_at`, `updated_at`) VALUES ('2', 'manageUsers', '2023-05-12 18:22:08', '2023-05-12 18:22:08');
INSERT INTO `role_permission` (`role_id`, `permission_slug`, `created_at`, `updated_at`) VALUES ('2', 'viewNova', '2023-05-12 18:22:08', '2023-05-12 18:22:08');
INSERT INTO `role_permission` (`role_id`, `permission_slug`, `created_at`, `updated_at`) VALUES ('2', 'viewRoles', '2023-05-12 18:22:08', '2023-05-12 18:22:08');
INSERT INTO `role_permission` (`role_id`, `permission_slug`, `created_at`, `updated_at`) VALUES ('2', 'viewUsers', '2023-05-12 18:22:08', '2023-05-12 18:22:08');
INSERT INTO `role_permission` (`role_id`, `permission_slug`, `created_at`, `updated_at`) VALUES ('3', 'canBeGivenAccess', '2023-05-19 02:57:19', '2023-05-19 02:57:19');
INSERT INTO `role_permission` (`role_id`, `permission_slug`, `created_at`, `updated_at`) VALUES ('3', 'mainSalesTracker', '2023-05-19 02:57:19', '2023-05-19 02:57:19');
INSERT INTO `role_permission` (`role_id`, `permission_slug`, `created_at`, `updated_at`) VALUES ('3', 'viewNova', '2023-05-19 02:57:19', '2023-05-19 02:57:19');
INSERT INTO `role_permission` (`role_id`, `permission_slug`, `created_at`, `updated_at`) VALUES ('3', 'viewRoles', '2023-05-19 02:57:19', '2023-05-19 02:57:19');
INSERT INTO `role_permission` (`role_id`, `permission_slug`, `created_at`, `updated_at`) VALUES ('3', 'viewUsers', '2023-05-19 02:57:19', '2023-05-19 02:57:19');
INSERT INTO `role_permission` (`role_id`, `permission_slug`, `created_at`, `updated_at`) VALUES ('4', 'manageRoles', '2023-05-19 02:58:06', '2023-05-19 02:58:06');
INSERT INTO `role_permission` (`role_id`, `permission_slug`, `created_at`, `updated_at`) VALUES ('4', 'manageUsers', '2023-05-19 02:58:06', '2023-05-19 02:58:06');
INSERT INTO `role_permission` (`role_id`, `permission_slug`, `created_at`, `updated_at`) VALUES ('4', 'viewRoles', '2023-05-19 02:58:06', '2023-05-19 02:58:06');
INSERT INTO `role_permission` (`role_id`, `permission_slug`, `created_at`, `updated_at`) VALUES ('5', 'assignRoles', '2023-05-19 02:59:32', '2023-05-19 02:59:32');
INSERT INTO `role_permission` (`role_id`, `permission_slug`, `created_at`, `updated_at`) VALUES ('5', 'mainSalesTracker', '2023-05-19 02:59:32', '2023-05-19 02:59:32');
INSERT INTO `role_permission` (`role_id`, `permission_slug`, `created_at`, `updated_at`) VALUES ('5', 'viewNova', '2023-05-19 02:59:32', '2023-05-19 02:59:32');
INSERT INTO `role_permission` (`role_id`, `permission_slug`, `created_at`, `updated_at`) VALUES ('6', 'mainSalesTracker', '2023-05-19 03:17:02', '2023-05-19 03:17:02');
ALTER TABLE `role_permission` ENABLE KEYS;
UNLOCK TABLES;
DROP TABLE IF EXISTS `role_user`;
CREATE TABLE role_user (role_id INT UNSIGNED NOT NULL, user_id BIGINT UNSIGNED NOT NULL, created_at DATETIME DEFAULT NULL, updated_at DATETIME DEFAULT NULL, INDEX role_user_user_id_foreign (user_id), INDEX IDX_332CA4DDD60322AC (role_id), PRIMARY KEY(role_id, user_id)) DEFAULT CHARACTER SET utf8mb4 COLLATE `utf8mb4_unicode_ci` ENGINE = InnoDB COMMENT = '' ;ALTER TABLE role_user ADD CONSTRAINT role_user_role_id_foreign FOREIGN KEY (role_id) REFERENCES roles (id) ON UPDATE NO ACTION ON DELETE CASCADE;ALTER TABLE role_user ADD CONSTRAINT role_user_user_id_foreign FOREIGN KEY (user_id) REFERENCES users (id) ON UPDATE NO ACTION ON DELETE CASCADE;
LOCK TABLES `role_user` WRITE;
ALTER TABLE `role_user` DISABLE KEYS;
INSERT INTO `role_user` (`role_id`, `user_id`, `created_at`, `updated_at`) VALUES ('1', '1', '2023-05-12 17:50:30', '2023-05-12 17:50:30');
INSERT INTO `role_user` (`role_id`, `user_id`, `created_at`, `updated_at`) VALUES ('2', '2', '2023-05-12 18:22:42', '2023-05-12 18:22:42');
ALTER TABLE `role_user` ENABLE KEYS;
UNLOCK TABLES;
DROP TABLE IF EXISTS `roles`;
CREATE TABLE roles (id INT UNSIGNED AUTO_INCREMENT NOT NULL, store_id BIGINT UNSIGNED DEFAULT NULL, slug VARCHAR(255) CHARACTER SET utf8mb4 NOT NULL COLLATE `utf8mb4_unicode_ci`, name VARCHAR(255) CHARACTER SET utf8mb4 DEFAULT NULL COLLATE `utf8mb4_unicode_ci`, created_at DATETIME DEFAULT NULL, updated_at DATETIME DEFAULT NULL, INDEX roles_store_id_foreign (store_id), PRIMARY KEY(id)) DEFAULT CHARACTER SET utf8mb4 COLLATE `utf8mb4_unicode_ci` ENGINE = InnoDB COMMENT = '' ;ALTER TABLE roles ADD CONSTRAINT roles_store_id_foreign FOREIGN KEY (store_id) REFERENCES stores (id) ON UPDATE NO ACTION ON DELETE NO ACTION;
LOCK TABLES `roles` WRITE;
ALTER TABLE `roles` DISABLE KEYS;
INSERT INTO `roles` (`id`, `slug`, `name`, `created_at`, `updated_at`, `store_id`) VALUES ('1', 'main-sales-tracker', 'Main Sales Tracker', '2023-05-12 17:37:37', '2023-05-12 17:37:37', NULL);
INSERT INTO `roles` (`id`, `slug`, `name`, `created_at`, `updated_at`, `store_id`) VALUES ('2', 'no-access-to-main-sales-tracker', 'No Access To Main Sales Tracker', '2023-05-12 18:22:08', '2023-05-12 18:22:08', NULL);
INSERT INTO `roles` (`id`, `slug`, `name`, `created_at`, `updated_at`, `store_id`) VALUES ('3', 'test-ony', 'test-ony', '2023-05-19 02:57:19', '2023-05-19 02:57:19', NULL);
INSERT INTO `roles` (`id`, `slug`, `name`, `created_at`, `updated_at`, `store_id`) VALUES ('4', 'test-only-2', 'test only 2', '2023-05-19 02:58:05', '2023-05-19 02:58:05', NULL);
INSERT INTO `roles` (`id`, `slug`, `name`, `created_at`, `updated_at`, `store_id`) VALUES ('5', 'asdfasdfasdf', 'asdfasdfasdf', '2023-05-19 02:59:32', '2023-05-19 02:59:32', '2');
INSERT INTO `roles` (`id`, `slug`, `name`, `created_at`, `updated_at`, `store_id`) VALUES ('6', 'main-tracker', 'main tracker', '2023-05-19 03:17:02', '2023-05-19 03:17:02', NULL);
ALTER TABLE `roles` ENABLE KEYS;
UNLOCK TABLES;
DROP TABLE IF EXISTS `stores`;
CREATE TABLE stores (id BIGINT UNSIGNED AUTO_INCREMENT NOT NULL, name VARCHAR(255) CHARACTER SET utf8mb4 NOT NULL COLLATE `utf8mb4_unicode_ci`, description LONGTEXT CHARACTER SET utf8mb4 NOT NULL COLLATE `utf8mb4_unicode_ci`, is_active TINYINT(1) NOT NULL, created_at DATETIME DEFAULT NULL, updated_at DATETIME DEFAULT NULL, domain VARCHAR(100) CHARACTER SET utf8mb4 NOT NULL COLLATE `utf8mb4_unicode_ci`, PRIMARY KEY(id)) DEFAULT CHARACTER SET utf8mb4 COLLATE `utf8mb4_unicode_ci` ENGINE = InnoDB COMMENT = '' ;
LOCK TABLES `stores` WRITE;
ALTER TABLE `stores` DISABLE KEYS;
INSERT INTO `stores` (`id`, `name`, `description`, `is_active`, `created_at`, `updated_at`, `domain`) VALUES ('1', 'Store #1', 'Sample Store 1', '1', NULL, NULL, 'store_1');
INSERT INTO `stores` (`id`, `name`, `description`, `is_active`, `created_at`, `updated_at`, `domain`) VALUES ('2', 'Store #2', 'store 2 sample', '1', NULL, NULL, 'store_2');
ALTER TABLE `stores` ENABLE KEYS;
UNLOCK TABLES;
DROP TABLE IF EXISTS `user_information`;
CREATE TABLE user_information (id BIGINT UNSIGNED AUTO_INCREMENT NOT NULL, user_id BIGINT UNSIGNED NOT NULL, type VARCHAR(10) CHARACTER SET utf8mb4 DEFAULT 'customer' NOT NULL COLLATE `utf8mb4_unicode_ci`, email VARCHAR(100) CHARACTER SET utf8mb4 NOT NULL COLLATE `utf8mb4_unicode_ci`, first_name VARCHAR(50) CHARACTER SET utf8mb4 NOT NULL COLLATE `utf8mb4_unicode_ci`, last_name VARCHAR(50) CHARACTER SET utf8mb4 NOT NULL COLLATE `utf8mb4_unicode_ci`, middle_name VARCHAR(50) CHARACTER SET utf8mb4 DEFAULT NULL COLLATE `utf8mb4_unicode_ci`, telephone_number VARCHAR(50) CHARACTER SET utf8mb4 DEFAULT NULL COLLATE `utf8mb4_unicode_ci`, mobile_number VARCHAR(50) CHARACTER SET utf8mb4 DEFAULT NULL COLLATE `utf8mb4_unicode_ci`, is_active TINYINT(1) DEFAULT 1 NOT NULL, notes TEXT CHARACTER SET utf8mb4 DEFAULT NULL COLLATE `utf8mb4_unicode_ci`, billing_address VARCHAR(255) CHARACTER SET utf8mb4 DEFAULT NULL COLLATE `utf8mb4_unicode_ci`, billing_address_city VARCHAR(255) CHARACTER SET utf8mb4 DEFAULT NULL COLLATE `utf8mb4_unicode_ci`, billing_address_state VARCHAR(255) CHARACTER SET utf8mb4 DEFAULT NULL COLLATE `utf8mb4_unicode_ci`, billing_address_zipcode VARCHAR(255) CHARACTER SET utf8mb4 DEFAULT NULL COLLATE `utf8mb4_unicode_ci`, billing_address_country VARCHAR(255) CHARACTER SET utf8mb4 DEFAULT NULL COLLATE `utf8mb4_unicode_ci`, shipping_address VARCHAR(255) CHARACTER SET utf8mb4 DEFAULT NULL COLLATE `utf8mb4_unicode_ci`, shipping_address_city VARCHAR(255) CHARACTER SET utf8mb4 DEFAULT NULL COLLATE `utf8mb4_unicode_ci`, shipping_address_state VARCHAR(255) CHARACTER SET utf8mb4 DEFAULT NULL COLLATE `utf8mb4_unicode_ci`, shipping_address_zipcode VARCHAR(255) CHARACTER SET utf8mb4 DEFAULT NULL COLLATE `utf8mb4_unicode_ci`, shipping_address_country VARCHAR(255) CHARACTER SET utf8mb4 DEFAULT NULL COLLATE `utf8mb4_unicode_ci`, credit_card_type VARCHAR(255) CHARACTER SET utf8mb4 DEFAULT NULL COLLATE `utf8mb4_unicode_ci`, credit_card_number VARCHAR(255) CHARACTER SET utf8mb4 DEFAULT NULL COLLATE `utf8mb4_unicode_ci`, credit_card_expiration_date VARCHAR(255) CHARACTER SET utf8mb4 DEFAULT NULL COLLATE `utf8mb4_unicode_ci`, credit_card_cvv VARCHAR(255) CHARACTER SET utf8mb4 DEFAULT NULL COLLATE `utf8mb4_unicode_ci`, created_at DATETIME DEFAULT NULL, updated_at DATETIME DEFAULT NULL, INDEX user_information_user_id_foreign (user_id), PRIMARY KEY(id)) DEFAULT CHARACTER SET utf8mb4 COLLATE `utf8mb4_unicode_ci` ENGINE = InnoDB COMMENT = '' ;ALTER TABLE user_information ADD CONSTRAINT user_information_user_id_foreign FOREIGN KEY (user_id) REFERENCES users (id) ON UPDATE CASCADE ON DELETE CASCADE;
LOCK TABLES `user_information` WRITE;
ALTER TABLE `user_information` DISABLE KEYS;
ALTER TABLE `user_information` ENABLE KEYS;
UNLOCK TABLES;
DROP TABLE IF EXISTS `user_stores`;
CREATE TABLE user_stores (id BIGINT UNSIGNED AUTO_INCREMENT NOT NULL, user_id BIGINT UNSIGNED NOT NULL, store_id BIGINT UNSIGNED NOT NULL, INDEX user_stores_store_id_foreign (store_id), INDEX user_stores_user_id_foreign (user_id), PRIMARY KEY(id)) DEFAULT CHARACTER SET utf8mb4 COLLATE `utf8mb4_unicode_ci` ENGINE = InnoDB COMMENT = '' ;ALTER TABLE user_stores ADD CONSTRAINT user_stores_store_id_foreign FOREIGN KEY (store_id) REFERENCES stores (id) ON UPDATE CASCADE ON DELETE CASCADE;ALTER TABLE user_stores ADD CONSTRAINT user_stores_user_id_foreign FOREIGN KEY (user_id) REFERENCES users (id) ON UPDATE CASCADE ON DELETE CASCADE;
LOCK TABLES `user_stores` WRITE;
ALTER TABLE `user_stores` DISABLE KEYS;
INSERT INTO `user_stores` (`id`, `user_id`, `store_id`) VALUES ('1', '1', '1');
INSERT INTO `user_stores` (`id`, `user_id`, `store_id`) VALUES ('2', '1', '2');
ALTER TABLE `user_stores` ENABLE KEYS;
UNLOCK TABLES;
DROP TABLE IF EXISTS `users`;
CREATE TABLE users (id BIGINT UNSIGNED AUTO_INCREMENT NOT NULL, name VARCHAR(255) CHARACTER SET utf8mb4 NOT NULL COLLATE `utf8mb4_unicode_ci`, email VARCHAR(255) CHARACTER SET utf8mb4 NOT NULL COLLATE `utf8mb4_unicode_ci`, email_verified_at DATETIME DEFAULT NULL, password VARCHAR(255) CHARACTER SET utf8mb4 NOT NULL COLLATE `utf8mb4_unicode_ci`, remember_token VARCHAR(100) CHARACTER SET utf8mb4 DEFAULT NULL COLLATE `utf8mb4_unicode_ci`, created_at DATETIME DEFAULT NULL, updated_at DATETIME DEFAULT NULL, UNIQUE INDEX users_email_unique (email), PRIMARY KEY(id)) DEFAULT CHARACTER SET utf8mb4 COLLATE `utf8mb4_unicode_ci` ENGINE = InnoDB COMMENT = '' ;
LOCK TABLES `users` WRITE;
ALTER TABLE `users` DISABLE KEYS;
INSERT INTO `users` (`id`, `name`, `email`, `email_verified_at`, `password`, `remember_token`, `created_at`, `updated_at`) VALUES ('1', 'Cary Feil', 'granville12@example.com', NULL, 'xxxxxxxxxxxxxxxxxxxxxxxxxxxxxxxxxxxxxxxxxxxxxxxxxxxxxxxxxxxx', 'FkcQZQCsnAa2TpMsyp5J8e0Kj8o3vIYUzZrWOHpTDFRCDZ5AgmyNle8fwczg', '2023-05-10 09:42:13', '2023-05-10 09:42:13');
INSERT INTO `users` (`id`, `name`, `email`, `email_verified_at`, `password`, `remember_token`, `created_at`, `updated_at`) VALUES ('2', 'Tyler Ziemann', 'jrippin@example.net', NULL, 'xxxxxxxxxxxxxxxxxxxxxxxxxxxxxxxxxxxxxxxxxxxxxxxxxxxxxxxxxxxx', NULL, '2023-05-12 18:21:43', '2023-05-12 18:21:43');
ALTER TABLE `users` ENABLE KEYS;
UNLOCK TABLES;
